{
    "$schema": "./dfn_schema.json",
    "PZGenGrid":{
        "minX": [-1.0, -1.0, -1.0],
        "maxX": [1.0, 1.0, 1.0],
        "MMeshType": "EHexahedral",
        "Nels": [1,1,1]
    },
    "TolDist": 2.0,
    "Fractures":[
        {
            "Index": 0,
            "Limit": "Etruncated",
            "MaterialID": 4,
            "Nodes":[
                [-1.33414, -1.33414, -2.33295  ],
                [-2.14918,  2.09346,  0.0307893],
                [ 1.27842,  1.27842,  2.39453  ],
                [ 2.09346, -2.14918,  0.0307893]
            ]
        }
    ]
}


// [ 2.14489,  2.09775,  0.0942809],
// [ 2.02357, -2.02357, -0.905719 ],
// [-2.09775, -2.14489,  0.0942809],
// [-1.97643,  1.97643,  1.09428  ]

