{
    "PZGenGrid":{
        "minX": [0.0, 0.0, 0.0],
        "Dimensions": [4.0, 4.0, 2.0],
        "MMeshType": "EHexahedral",
        "Nels": [4,4,2]
    },
    "TolDist": 0.1,
    "TolAngle": 0.001,
    "Fractures":[
        {
            "Index": 0,
            "Limit": "Erecovered",
            "MaterialID": 4,
            "Nodes":[
                [1.50, 1.70, 0.30],
                [3.55, 1.70, 0.30],
                [3.55, 1.70, 1.50],
                [1.50, 1.70, 1.50]
            ]
        },
        {
            "Index": 1,
            "Limit": "Erecovered",
            "MaterialID": 4,
            "Nodes":[
                [1.5,       0.25,      0.7],
                [2.38388,   0.616117,  0.7],
                [2.75,      1.5,       0.7],
                [2.38388,   2.38388,   0.7],
                [1.5,       2.75,      0.7],
                [0.616117,  2.38388,   0.7],
                [0.25,      1.5,       0.7],
                [0.616117,  0.616117,  0.7]
            ]
        }
    ]
}
